Name,Type
barjraj_Apartments,Apartments
ramdin_verma_Apartments,Apartments
sharat_chandran_Apartments,Apartments
birender_mandal_Apartments,Apartments
amit_Apartments,Apartments
kushal_Apartments,Apartments
kasid_Apartments,Apartments
shiv_prakash_Apartments,Apartments
vikram_singh_Apartments,Apartments
sanjay_Apartments,Apartments
abhi_Apartments,Apartments
ram_dutt_gupta_Apartments,Apartments
khadak_singh_Apartments,Apartments
gurmit_singh_Apartments,Apartments
chanderpal_Apartments,Apartments
aman_Apartments,Apartments
khursid_Apartments,Apartments
rajeev_Apartments,Apartments
durgesh_Apartments,Apartments
nahar_singh_Apartments,Apartments
ram_kumar_Apartments,Apartments
sunder_paal_Apartments,Apartments
maansingh_aswal_Apartments,Apartments
rohit_Apartments,Apartments
rohit_Apartments,Apartments
sparsh_Apartments,Apartments
santosh_Apartments,Apartments
santosh_Apartments,Apartments
punit_khandelwal_Apartments,Apartments
dinesh_Apartments,Apartments
gulshan_Apartments,Apartments
arvind_kumar_yadav_Apartments,Apartments
nausad_Apartments,Apartments
gurmit_singh_House,House
shiv_shakti_singh_House,House
moti_lal_House,House
kausal_kumar_House,House
rohit_House,House
rohit_House,House
mohabbat_ali_House,House
raj_kumar_House,House
jaswant_singh_House,House
chotelal_House,House
amit_House,House
rupesh_House,House
midda_House,House
dharam_singh_House,House
ram_singh_House,House
preetam_kumar_House,House
ram_kumar_House,House
sarain_House,House
pankaj_kumar_House,House
sheak_shakir_House,House
riyasat_ali_House,House
vinit_katariya_House,House
sumit_House,House
arindra_House,House
kali_charan_House,House
badshya_khan_House,House
vikash_House,House
devinder_chadda_House,House
aman_House,House
mohan_singh_House,House
hemant_House,House
shivam_House,House
yash_mittal_House,House
aakash_Restaurant,Restaurant
chandesh_Restaurant,Restaurant
sumit_mitra_Restaurant,Restaurant
supriyal_sen_Restaurant,Restaurant
pooran_chand_sharma_Hotel,Restaurant
irfan_Hotel,Restaurant
azaruddin_Restaurant,Restaurant
mukul_yadav_Hotel,Restaurant
pooran_chand_sharma_Hotel,Restaurant
manoj_Restaurant,Restaurant
sanjay_charee_Restaurant,Restaurant
raja_babu_Hotel,Restaurant
pawan_Hotel,Restaurant
sandeep_Hotel,Restaurant
rajkumar_chawla_Restaurant,Restaurant
parvesh_Restaurant,Restaurant
mohd_ataullah_Restaurant,Restaurant
neeraj_kumar_Restaurant,Restaurant
jamil_khan_Restaurant,Restaurant
yogita_Restaurant,Restaurant
rijul_aggarwal_Restaurant,Restaurant
mohd_shakib_Restaurant,Restaurant
rahul_kumar_Restaurant,Restaurant
rajender_Restaurant,Restaurant
suraj_Restaurant,Restaurant
rizwan_Hotel,Restaurant
sandeep_Restaurant,Restaurant
md_mustafa_Hotel,Restaurant
har_parsad_Hotel,Restaurant